name,type,distance,moving_time,average_speed,max_speed,total_elevation_gain,start_date_local,average_heartrate,start_time
Evening Run,Run,713.0,301,2.369,4.348,0.0,2022-12-08,151.1,20:56:16
Evening Run,Run,4045.5,1239,3.265,8.458,51.0,2022-12-08,158.5,20:33:30
Night Run,Run,673.1,257,2.619,4.705,0.0,2022-12-07,165.8,21:18:03
Evening Run,Run,4017.7,1290,3.114,4.844,57.0,2022-12-07,155.9,20:55:04
Evening Run,Run,4796.9,1627,2.948,5.496,50.0,2022-12-05,150.8,20:07:02
Night Run,Run,774.9,321,2.414,4.526,1.0,2022-11-30,141.9,21:08:49
Evening Run,Run,4020.6,1232,3.263,5.5,47.0,2022-11-30,154.7,20:45:53
Afternoon Run,Run,5641.3,2213,2.549,4.273,27.0,2022-11-26,147.6,14:13:13
Afternoon Run,Run,1243.7,564,2.205,3.106,21.0,2022-11-26,138.6,14:01:38
Night Run,Run,712.2,320,2.226,3.846,0.0,2022-11-24,144.2,21:07:01
Evening Run,Run,4017.3,1222,3.287,9.034,43.0,2022-11-24,160.9,20:44:01
Evening Run,Run,692.6,307,2.256,4.15,0.0,2022-11-22,141.9,20:58:12
Evening Run,Run,4021.6,1240,3.243,4.97,47.0,2022-11-22,162.2,20:34:07
Afternoon Run,Run,434.4,241,1.803,3.847,0.0,2022-11-20,141.8,17:42:45
Afternoon Run,Run,4024.2,1243,3.237,7.613,41.0,2022-11-20,159.5,17:19:38
Afternoon Run,Run,687.1,436,1.576,3.103,0.0,2022-11-18,109.7,17:44:27
Afternoon Run,Run,4012.8,1390,2.887,5.318,37.0,2022-11-18,151.0,17:18:59
Night Run,Run,679.4,314,2.164,6.82,0.0,2022-11-15,145.1,21:01:26
Evening Run,Run,4024.8,1265,3.182,6.79,45.0,2022-11-15,145.1,20:38:55
Evening Run,Run,6011.2,1985,3.028,7.153,43.0,2022-11-13,162.8,20:56:42
Afternoon Swim,Swim,575.0,1743,0.33,1.786,0.0,2022-11-12,104.0,15:46:42
Evening Run,Run,6009.5,1931,3.112,5.165,58.0,2022-11-09,168.3,20:36:23
Evening Run,Run,4019.5,1431,2.809,4.855,34.0,2022-11-07,147.4,20:53:56
Morning Swim,Swim,500.0,1319,0.379,4.166,0.0,2022-11-06,102.5,09:07:12
Morning Swim,Swim,300.0,1005,0.299,5.0,0.0,2022-11-05,96.9,08:36:48
Evening Run,Run,4014.1,1620,2.478,4.91,33.0,2022-11-03,141.5,20:49:48
Night Run,Run,201.7,109,1.85,3.913,0.0,2022-11-01,145.5,21:25:27
Night Run,Run,4154.1,1280,3.245,5.347,49.0,2022-11-01,168.2,21:02:26
Night Run,Run,494.9,295,1.678,3.316,0.0,2022-10-30,125.9,21:16:56
Evening Run,Run,4045.8,1268,3.191,4.784,48.0,2022-10-30,154.3,20:54:18
Lunch Run,Run,2804.0,1434,1.955,3.083,26.0,2022-10-30,143.6,11:08:53
Night Run,Run,496.6,209,2.376,4.148,0.0,2022-10-27,143.2,21:20:05
Evening Run,Run,4143.2,1319,3.141,7.874,43.0,2022-10-27,161.3,20:55:11
Evening Run,Run,5001.0,1649,3.033,4.265,53.0,2022-10-25,163.0,20:48:39
Afternoon Run,Run,4625.5,1543,2.998,5.8,40.0,2022-10-24,145.7,17:11:59
Evening Run,Run,6018.0,1896,3.174,5.01,49.0,2022-10-21,158.4,20:38:21
Evening Run,Run,6015.5,1961,3.068,6.174,49.0,2022-10-18,163.1,20:20:48
Afternoon Run,Run,1014.5,424,2.393,3.156,5.0,2022-10-15,143.6,13:24:26
Lunch Run,Run,7013.7,2263,3.099,5.038,47.0,2022-10-15,159.9,12:40:16
Lunch Run,Run,1152.9,502,2.297,3.012,19.0,2022-10-15,148.0,12:28:37
Night Run,Run,550.4,195,2.823,5.077,0.0,2022-10-12,153.0,21:09:29
Evening Run,Run,5136.7,1705,3.013,5.613,50.0,2022-10-12,153.7,20:38:37
Evening Run,Run,8089.3,2664,3.037,5.738,70.0,2022-10-09,160.8,20:40:57
Lunch Run,Run,5012.7,1630,3.075,5.592,44.0,2022-10-08,151.3,11:02:01
Lunch Run,Run,2.7,8,0.338,0.338,0.0,2022-10-06,,11:55:58
Night Run,Run,8122.3,2795,2.906,4.793,57.0,2022-10-05,164.9,21:08:33
Night Run,Run,1056.8,204,5.18,5.122,15.0,2022-10-05,130.4,21:04:02
Evening Run,Run,6008.8,1994,3.013,5.736,55.0,2022-09-29,165.0,20:49:35
Night Run,Run,6020.1,1839,3.274,7.37,90.0,2022-09-26,151.7,21:21:43
Night Run,Run,5020.4,1784,2.814,5.445,49.0,2022-09-25,155.7,22:12:44
Evening Run,Run,657.9,472,1.394,3.538,27.0,2022-09-20,124.9,18:56:43
Evening Run,Run,4028.2,1749,2.303,3.688,35.0,2022-09-20,150.6,18:24:32
Afternoon Run,Run,5116.8,1689,3.029,6.3,49.0,2022-09-17,160.1,17:22:00
Evening Run,Run,6006.9,1871,3.211,4.813,49.0,2022-09-14,152.3,20:48:17
Evening Run,Run,6000.2,1926,3.115,4.98,78.0,2022-09-11,174.0,20:35:19
Evening Run,Run,7016.4,2412,2.909,5.14,59.0,2022-09-08,157.6,20:19:32
Evening Run,Run,8005.3,2687,2.979,6.526,62.0,2022-09-03,161.9,18:31:31
Evening Run,Run,8015.9,2650,3.025,6.809,194.0,2022-08-29,161.5,20:46:08
Morning Run,Run,2597.3,1261,2.06,2.966,33.0,2022-08-28,122.3,10:39:34
Night Run,Run,7015.1,2283,3.073,5.418,61.0,2022-08-24,161.4,21:28:07
Evening Run,Run,8010.5,2658,3.014,6.238,64.0,2022-08-15,153.3,20:46:03
Night Run,Run,7056.1,2345,3.009,7.928,58.0,2022-08-10,153.4,21:24:22
Evening Run,Run,4017.3,1179,3.407,8.435,31.0,2022-08-08,147.5,20:56:05
Evening Run,Run,477.3,171,2.791,4.738,22.0,2022-08-08,111.7,20:50:28
Afternoon Run,Run,5039.8,2148,2.346,4.406,46.0,2022-08-07,147.5,15:02:25
Evening Run,Run,8022.1,2499,3.21,6.774,43.0,2022-08-04,165.0,20:01:10
Evening Run,Run,1448.9,658,2.202,3.945,24.0,2022-08-04,124.7,19:44:48
Evening Run,Run,8255.3,2560,3.225,5.324,40.0,2022-08-01,171.4,20:37:12
Evening Run,Run,1383.4,617,2.242,4.835,103.0,2022-08-01,141.6,20:21:28
Lunch Run,Run,3373.5,2477,1.362,3.844,30.0,2022-07-30,107.8,11:49:26
Evening Run,Run,8509.0,2774,3.067,7.116,39.0,2022-07-28,168.7,20:29:18
Evening Run,Run,1478.9,625,2.366,4.484,29.0,2022-07-28,140.2,20:14:51
Morning Run,Run,7004.4,2798,2.503,4.303,52.0,2022-07-26,154.1,10:12:31
Morning Run,Run,135.3,56,2.416,2.779,0.0,2022-07-26,104.4,10:10:37
Afternoon Run,Run,9519.0,3774,2.522,4.445,72.0,2022-07-16,154.3,14:55:38
Afternoon Run,Run,161.8,68,2.38,4.278,0.0,2022-07-16,107.3,14:52:00
Evening Run,Run,8009.2,2471,3.241,6.412,36.0,2022-07-13,173.4,20:41:54
Evening Run,Run,1420.2,606,2.344,4.966,106.0,2022-07-13,140.5,20:27:48
Evening Run,Run,8086.1,2775,2.914,4.61,38.0,2022-07-11,174.4,20:30:22
Evening Run,Run,1423.1,646,2.203,4.772,103.0,2022-07-11,136.4,20:16:02
Morning Run,Run,3501.9,2606,1.344,3.187,40.0,2022-07-10,107.2,09:47:15
Lunch Run,Run,4348.2,2687,1.618,10.858,48.0,2022-07-03,108.0,11:18:40
Evening Run,Run,8183.7,2521,3.246,5.342,38.0,2022-06-29,165.5,20:55:34
Evening Run,Run,1513.1,661,2.289,10.447,33.0,2022-06-29,127.0,20:39:56
Night Run,Run,6264.8,2073,3.022,6.636,47.0,2022-06-27,161.4,21:21:01
Night Run,Run,8269.0,2685,3.08,7.052,117.0,2022-06-23,162.6,21:36:49
Night Run,Run,8112.4,2616,3.101,6.083,76.0,2022-06-20,159.0,21:34:27
Evening Run,Run,8148.3,2604,3.129,6.904,117.0,2022-06-18,155.7,20:41:39
Evening Run,Run,7005.6,2352,2.979,7.58,54.0,2022-06-13,160.6,20:58:55
Evening Run,Run,8017.2,2654,3.021,6.07,71.0,2022-06-08,165.0,20:47:12
Evening Run,Run,7000.5,2442,2.867,5.582,40.0,2022-06-05,164.3,20:38:17
Night Run,Run,6005.2,2171,2.766,6.499,45.0,2022-06-02,164.3,21:05:29
Night Run,Run,4885.6,1769,2.762,9.634,65.0,2022-05-31,165.9,22:08:37
Afternoon Run,Run,11019.6,3567,3.089,6.13,71.0,2022-05-21,164.1,15:41:22
Afternoon Run,Run,148.6,53,2.803,3.832,1.0,2022-05-21,104.7,15:38:21
Afternoon Run,Run,8017.5,2996,2.676,4.515,68.0,2022-05-15,160.2,17:36:45
Evening Run,Run,427.1,133,3.211,4.101,0.0,2022-05-06,162.8,19:00:30
Evening Run,Run,7012.4,2218,3.162,5.362,58.0,2022-05-06,164.4,18:20:51
Evening Run,Run,6080.3,1860,3.269,4.558,39.0,2022-05-04,158.8,18:36:17
Afternoon Run,Run,357.2,128,2.791,3.361,0.0,2022-04-30,157.0,15:56:35
Afternoon Run,Run,8017.9,2585,3.102,4.503,189.0,2022-04-30,166.5,15:09:48
Lunch Run,Run,4452.4,2787,1.598,3.192,50.0,2022-04-30,135.6,12:04:30
Evening Run,Run,7219.9,2407,3.0,5.04,57.0,2022-04-28,170.3,18:42:27
Evening Run,Run,144.4,56,2.578,3.291,1.0,2022-04-28,123.3,18:39:55
Afternoon Run,Run,8013.2,2582,3.103,5.24,72.0,2022-04-23,156.7,17:12:55
Afternoon Run,Run,181.5,68,2.669,4.458,1.0,2022-04-23,106.3,17:11:02
Afternoon Run,Run,7654.3,2918,2.623,5.255,75.0,2022-04-21,161.7,17:17:38
Afternoon Run,Run,157.1,64,2.454,3.491,0.0,2022-04-21,100.7,17:14:28
Afternoon Run,Run,8015.9,2707,2.961,5.31,73.0,2022-04-18,164.2,16:52:01
Afternoon Run,Run,154.5,66,2.342,3.293,0.0,2022-04-18,102.0,16:49:43
Lunch Run,Run,5501.3,1940,2.836,4.125,45.0,2022-04-17,158.5,12:30:19
Lunch Run,Run,8011.0,2713,2.953,4.608,60.0,2022-04-15,164.1,12:47:08
Lunch Run,Run,184.7,70,2.639,3.203,0.0,2022-04-15,117.5,12:42:44
Afternoon Run,Run,6017.7,1801,3.341,5.322,50.0,2022-04-12,163.3,17:01:31
Afternoon Run,Run,144.3,51,2.83,3.64,1.0,2022-04-12,116.9,16:59:34
Lunch Run,Run,8021.1,2489,3.223,5.802,70.0,2022-04-09,168.6,11:40:34
Lunch Run,Run,168.1,68,2.472,3.233,1.0,2022-04-09,117.9,11:37:47
Afternoon Run,Run,8019.3,2679,2.993,6.246,78.0,2022-04-06,163.2,16:38:42
Afternoon Run,Run,161.1,55,2.929,3.94,0.0,2022-04-06,115.4,16:36:33
Lunch Run,Run,723.8,400,1.809,3.068,7.0,2022-04-02,123.8,12:38:55
Lunch Run,Run,948.3,490,1.935,2.955,9.0,2022-04-02,131.6,12:22:34
Lunch Run,Run,2600.5,1619,1.606,3.028,30.0,2022-04-02,125.1,11:41:51
Evening Run,Run,407.6,180,2.264,2.612,1.0,2022-04-01,146.1,18:10:13
Afternoon Run,Run,12016.7,4099,2.932,5.146,107.0,2022-04-01,165.3,16:56:58
Afternoon Run,Run,151.6,60,2.526,3.376,0.0,2022-04-01,112.9,16:53:53
Afternoon Run,Run,8035.4,2917,2.755,5.638,66.0,2022-03-28,158.4,16:52:39
Afternoon Run,Run,138.2,59,2.342,2.842,1.0,2022-03-28,121.5,16:49:59
Afternoon Run,Run,8009.4,2849,2.811,4.8,73.0,2022-03-26,157.8,13:13:28
Lunch Run,Run,4118.7,1647,2.501,3.419,39.0,2022-03-25,158.2,12:39:29
Afternoon Run,Run,10017.7,3301,3.035,6.474,71.0,2022-03-23,170.7,17:57:19
Afternoon Run,Run,181.1,74,2.448,3.313,1.0,2022-03-23,127.1,17:54:05
Lunch Run,Run,8661.8,3037,2.852,5.208,79.0,2022-03-19,168.1,12:57:22
Lunch Run,Run,148.5,55,2.7,3.969,0.0,2022-03-19,124.2,12:53:28
Afternoon Run,Run,2596.7,1633,1.59,3.692,26.0,2022-03-17,134.8,17:56:24
Afternoon Run,Run,8010.7,2565,3.123,5.034,64.0,2022-03-16,170.8,17:07:07
Afternoon Run,Run,10020.5,3258,3.076,6.072,89.0,2022-03-14,166.7,14:52:56
Afternoon Run,Run,150.5,54,2.786,3.596,1.0,2022-03-14,123.3,14:50:12
Lunch Run,Run,5921.4,2119,2.794,4.236,47.0,2022-03-12,168.0,12:31:27
Morning Run,Run,5010.0,3438,1.457,3.461,52.0,2022-03-12,130.2,10:18:55
Afternoon Run,Run,5531.4,1935,2.859,4.647,43.0,2022-03-10,163.8,15:42:05
Afternoon Run,Run,7709.9,3283,2.348,5.105,53.0,2022-03-08,167.4,13:47:51
Afternoon Run,Run,8008.3,2469,3.244,5.792,67.0,2022-02-11,165.5,16:24:07
Afternoon Run,Run,137.6,51,2.699,3.33,1.0,2022-02-11,120.2,16:21:12
Afternoon Run,Run,8019.2,2462,3.257,5.552,66.0,2022-02-09,163.9,16:45:41
Afternoon Run,Run,144.5,56,2.58,3.21,0.0,2022-02-09,118.0,16:42:52
Afternoon Run,Run,8007.4,2704,2.961,5.295,84.0,2022-02-05,169.0,14:23:06
Afternoon Run,Run,164.5,55,2.99,4.218,1.0,2022-02-05,131.5,14:20:09
Afternoon Run,Run,9008.6,2925,3.08,5.016,73.0,2022-02-02,162.3,14:22:01
Afternoon Run,Run,142.0,60,2.366,2.77,1.0,2022-02-02,116.7,14:19:15
Afternoon Run,Run,8032.8,3919,2.05,4.215,76.0,2022-01-31,162.4,17:01:10
Afternoon Run,Run,194.8,84,2.319,3.214,1.0,2022-01-31,118.4,16:58:14
Lunch Run,Run,695.7,512,1.359,2.22,0.0,2022-01-30,97.6,11:54:29
Lunch Run,Run,3157.8,1613,1.958,3.4,33.0,2022-01-30,140.4,11:03:58
Afternoon Run,Run,10022.0,3223,3.11,5.473,74.0,2022-01-28,164.9,16:45:31
Afternoon Run,Run,195.8,71,2.758,5.004,0.0,2022-01-28,113.0,16:42:05
Afternoon Run,Run,5012.6,2526,1.984,3.352,45.0,2022-01-26,142.0,16:05:49
Evening Run,Run,318.4,129,2.468,2.895,0.0,2022-01-24,150.6,18:05:28
Afternoon Run,Run,9013.1,2813,3.204,6.382,64.0,2022-01-24,157.9,17:12:42
Afternoon Run,Run,166.5,59,2.821,3.44,1.0,2022-01-24,124.4,17:10:10
Lunch Run,Run,8341.3,2820,2.958,7.058,74.0,2022-01-22,167.1,12:50:02
Lunch Run,Run,209.4,169,1.239,2.44,0.0,2022-01-22,113.9,12:44:45
Afternoon Run,Run,10017.0,3468,2.888,5.222,50.0,2022-01-19,170.7,16:24:02
Afternoon Run,Run,1268.3,537,2.362,3.424,24.0,2022-01-19,152.3,16:12:04
Afternoon Run,Run,1271.1,348,3.653,5.664,3.0,2022-01-17,156.0,17:22:47
Afternoon Run,Run,4019.1,1190,3.377,5.041,19.0,2022-01-17,169.0,16:59:30
Afternoon Run,Run,1265.8,530,2.388,3.738,23.0,2022-01-17,159.4,16:47:59
Afternoon Run,Run,7650.1,2472,3.095,5.973,40.0,2022-01-14,167.6,14:50:39
Afternoon Run,Run,3604.5,1209,2.981,4.872,29.0,2022-01-14,152.3,14:26:29
Brisk Jog,Run,7006.0,3434,2.04,4.474,59.0,2022-01-12,159.1,16:44:05
Afternoon Run,Run,1237.4,502,2.465,3.088,22.0,2022-01-12,148.2,16:32:36
Afternoon Run,Run,11014.2,3642,3.024,5.302,76.0,2022-01-10,167.4,14:30:46
Afternoon Run,Run,9294.5,3109,2.99,4.618,58.0,2022-01-08,162.7,17:20:51
Afternoon Run,Run,1004.5,562,1.787,3.514,4.0,2022-01-05,130.2,14:55:56
Afternoon Run,Run,8012.9,2532,3.165,4.953,55.0,2022-01-05,167.7,14:10:36
Afternoon Run,Run,1084.1,423,2.563,3.819,25.0,2022-01-05,140.4,13:59:50
Night Run,Run,1009.1,557,1.812,3.926,3.0,2022-01-03,133.9,21:13:19
Evening Run,Run,6007.9,2146,2.8,5.875,56.0,2022-01-03,168.0,20:36:43
Evening Run,Run,1010.1,430,2.349,4.558,26.0,2022-01-03,137.7,20:21:56
Evening Run,Run,2524.1,945,2.671,4.416,25.0,2021-12-30,155.4,20:15:56
Evening Run,Run,940.7,386,2.437,4.083,18.0,2021-12-30,143.1,20:05:38
Evening Run,Run,1008.6,488,2.067,3.566,2.0,2021-12-29,147.9,20:11:56
Evening Run,Run,6005.8,2404,2.498,4.59,57.0,2021-12-29,164.0,19:30:20
Evening Run,Run,1012.4,423,2.393,3.683,22.0,2021-12-29,148.7,19:20:06
Evening Run,Run,4652.6,1551,3.0,6.157,35.0,2021-12-16,160.0,18:09:39
Evening Run,Run,608.7,277,2.197,3.435,15.0,2021-12-16,125.1,18:02:18
Afternoon Run,Run,1013.0,542,1.869,3.726,3.0,2021-12-12,135.2,16:22:18
Afternoon Run,Run,8010.9,2665,3.006,4.528,43.0,2021-12-12,162.4,15:28:58
Afternoon Run,Run,1035.8,426,2.431,3.793,17.0,2021-12-12,150.6,15:17:11
Afternoon Run,Run,4005.9,1320,3.035,6.182,22.0,2021-12-10,163.7,17:30:12
Afternoon Run,Run,623.0,263,2.369,3.153,17.0,2021-12-10,143.4,17:23:33
Afternoon Run,Run,8011.2,2622,3.055,6.169,100.0,2021-11-27,170.2,17:17:15
Afternoon Run,Run,594.2,216,2.751,3.394,18.0,2021-11-27,141.3,17:11:18
Viewing my semester grades ðŸ˜°,Workout,0.0,504,0.0,0.0,0.0,2021-11-25,71.2,21:04:12
Evening Run,Run,1091.0,581,1.878,4.37,2.0,2021-11-22,138.6,19:44:19
Evening Run,Run,8012.2,2678,2.992,5.564,49.0,2021-11-22,168.5,18:58:39
Evening Run,Run,626.4,258,2.428,3.573,17.0,2021-11-22,132.1,18:51:27
Afternoon Run,Run,1005.0,573,1.754,3.828,6.0,2021-11-19,121.5,13:19:48
Lunch Run,Run,6011.5,1866,3.222,4.67,30.0,2021-11-19,164.8,12:46:50
Lunch Run,Run,608.7,237,2.569,3.582,6.0,2021-11-19,136.8,12:35:20
Evening Run,Run,1234.1,724,1.705,3.116,4.0,2021-11-17,152.6,20:55:14
Evening Run,Run,6018.1,2053,2.931,4.746,46.0,2021-11-17,170.3,20:17:51
Evening Run,Run,627.3,245,2.56,3.416,14.0,2021-11-17,147.6,20:10:50
Afternoon Run,Run,2487.1,1023,2.431,4.645,28.0,2021-11-15,153.7,16:28:47
Afternoon Run,Run,2729.5,784,3.482,4.925,3.0,2021-11-15,160.8,16:10:31
Afternoon Run,Run,2608.7,955,2.732,4.244,21.0,2021-11-15,145.3,15:49:07
Afternoon Run,Run,518.2,180,2.879,3.852,0.0,2021-11-13,154.8,13:47:23
Afternoon Run,Run,5012.8,1792,2.797,4.318,23.0,2021-11-13,158.9,13:15:02
Afternoon Run,Run,534.5,235,2.274,3.134,15.0,2021-11-13,129.8,13:07:43
Afternoon Run,Run,1085.6,381,2.849,4.368,8.0,2021-11-11,177.1,17:06:35
Afternoon Run,Run,512.6,128,4.004,4.598,0.0,2021-11-11,173.5,17:02:50
Afternoon Run,Run,501.6,216,2.322,3.21,10.0,2021-11-11,159.3,16:56:25
Afternoon Run,Run,2506.8,1016,2.467,3.762,28.0,2021-11-11,157.7,16:36:10
Afternoon Run,Run,845.3,202,4.185,4.874,2.0,2021-11-11,158.7,16:26:46
Afternoon Run,Run,2652.7,932,2.846,4.315,18.0,2021-11-11,153.7,16:02:18
Afternoon Run,Run,2556.3,1072,2.385,4.607,26.0,2021-11-08,151.9,16:55:11
Afternoon Run,Run,6014.3,1786,3.367,4.98,17.0,2021-11-08,172.1,16:16:58
Afternoon Run,Run,2714.0,922,2.944,5.61,16.0,2021-11-08,142.9,15:56:16
Lunch Run with my puggg,Run,5452.1,3325,1.64,5.642,68.0,2021-11-07,142.2,11:46:43
Evening Run,Run,1012.5,509,1.989,2.863,4.0,2021-11-06,150.6,18:07:01
Afternoon Run,Run,4023.4,1031,3.902,5.525,35.0,2021-11-06,152.3,17:44:17
Afternoon Run,Run,632.2,254,2.489,3.248,13.0,2021-11-06,134.6,17:35:01
Evening Run,Run,11011.8,4171,2.64,5.045,108.0,2021-11-04,160.7,19:37:36
Afternoon Run,Run,2512.7,1041,2.414,3.788,25.0,2021-11-02,140.4,17:08:10
Afternoon Run,Run,6011.4,1817,3.308,4.256,1.0,2021-11-02,170.8,16:26:32
Afternoon Run,Run,2817.4,1117,2.522,4.077,18.0,2021-11-02,152.1,15:59:25
Evening Run,Run,10015.7,3513,2.851,5.547,59.0,2021-11-01,165.2,19:03:11
Evening Run,Run,671.4,237,2.833,6.138,13.0,2021-11-01,143.7,18:54:12
Evening Run,Run,308.1,113,2.727,4.502,7.0,2021-11-01,120.0,18:44:56
Evening Run,Run,6003.5,2074,2.895,6.079,61.0,2021-10-31,161.5,20:18:36
Evening Run,Run,1011.8,522,1.938,4.06,4.0,2021-10-28,126.4,18:12:08
Afternoon Run,Run,8011.5,2569,3.119,5.582,63.0,2021-10-28,164.4,17:25:43
Afternoon Run,Run,1022.8,415,2.465,3.939,15.0,2021-10-28,137.7,17:11:33
Evening Run,Run,8022.5,2540,3.158,6.648,74.0,2021-10-27,166.7,19:42:42
Evening Run,Run,1152.7,433,2.662,4.178,15.0,2021-10-27,134.3,19:30:54
Lunch Run,Run,567.4,195,2.909,4.069,0.0,2021-10-26,155.1,12:45:25
Lunch Run,Run,634.1,226,2.806,4.156,9.0,2021-10-26,163.9,12:40:47
Lunch Run,Run,754.9,281,2.686,3.829,0.0,2021-10-26,151.3,12:35:37
Lunch Run,Run,1009.0,436,2.314,3.301,13.0,2021-10-26,135.7,12:23:27
Easy / Strides,Run,11018.7,4397,2.506,6.634,113.0,2021-10-24,158.6,19:27:57
Evening Run,Run,1020.8,503,2.029,3.511,21.0,2021-10-24,138.2,19:12:59
Afternoon Run,Run,10017.2,2980,3.361,5.136,65.0,2021-10-21,161.7,16:50:40
Afternoon Run,Run,1018.6,404,2.521,3.732,15.0,2021-10-21,130.2,16:39:27
Afternoon Run,Run,399.4,185,2.159,3.628,0.0,2021-10-20,141.5,17:40:08
Afternoon Run,Run,4038.0,1259,3.207,5.498,30.0,2021-10-20,156.9,17:18:29
Afternoon Run,Run,1018.6,366,2.783,4.093,19.0,2021-10-20,123.4,17:08:46
Afternoon Run,Run,840.8,307,2.739,3.57,2.0,2021-10-19,145.4,16:41:38
Afternoon Run,Run,1011.1,257,3.934,5.413,9.0,2021-10-19,137.3,16:34:44
Afternoon Run,Run,577.4,226,2.555,4.337,10.0,2021-10-19,139.2,16:28:52
Evening Run,Run,8004.6,3676,2.178,6.1,73.0,2021-10-18,151.3,19:38:29
Evening Run,Run,1171.4,531,2.206,3.7,15.0,2021-10-18,133.7,19:25:41
Afternoon Run,Run,812.2,450,1.805,2.9,0.0,2021-10-16,128.2,17:46:53
Afternoon Run,Run,12007.6,3984,3.014,5.5,81.0,2021-10-16,169.4,16:36:30
Afternoon Run,Run,1086.0,494,2.198,3.7,16.0,2021-10-16,132.9,16:23:30
Afternoon Run,Run,1015.8,485,2.094,4.1,4.0,2021-10-14,143.9,16:36:03
Afternoon Run,Run,10007.2,3035,3.297,6.6,83.0,2021-10-14,171.3,15:40:59
Afternoon Run,Run,1054.2,416,2.534,7.7,14.0,2021-10-14,137.7,15:28:25
Evening Run,Run,1010.5,418,2.417,4.4,3.0,2021-10-13,145.7,20:50:46
Easy Strides,Run,1023.3,219,4.673,6.2,4.0,2021-10-13,151.6,20:41:00
Evening Run,Run,1180.5,501,2.356,3.8,20.0,2021-10-13,137.5,20:28:24
Evening Run,Run,1007.7,431,2.338,4.0,2.0,2021-10-11,138.9,20:38:09
Evening Run,Run,9009.7,3506,2.57,3.8,87.0,2021-10-11,148.0,19:33:39
Evening Run,Run,1247.8,508,2.456,4.0,17.0,2021-10-11,133.4,19:22:28
Afternoon Run,Run,582.4,218,2.672,3.3,0.0,2021-10-08,145.4,16:05:54
Easy / Strides,Run,8010.8,3253,2.463,4.2,63.0,2021-10-08,150.3,15:10:24
Afternoon Run,Run,1022.4,412,2.482,3.9,17.0,2021-10-08,140.1,15:00:17
Afternoon Run,Run,1012.8,731,1.385,2.2,0.0,2021-10-06,120.0,17:25:21
Afternoon Run,Run,10016.6,2971,3.371,5.6,72.0,2021-10-06,165.1,16:31:05
Afternoon Run,Run,1028.6,437,2.354,4.1,17.0,2021-10-06,128.9,16:18:47
Evening Run,Run,323.5,227,1.425,2.1,0.0,2021-10-04,109.5,19:26:21
Evening Run - Easy / Strides,Run,8006.5,3551,2.255,5.0,75.0,2021-10-04,142.5,18:24:53
Evening Run,Run,1570.9,658,2.387,4.3,6.0,2021-10-04,134.7,18:10:02
Lunch Run,Run,780.7,573,1.362,2.4,40.0,2021-10-03,95.8,12:58:58
Evening Run,Run,1017.0,497,2.046,3.5,2.0,2021-10-01,142.5,18:35:47
Afternoon Run,Run,9016.9,2676,3.37,5.7,61.0,2021-10-01,172.8,17:46:48
Afternoon Run,Run,1177.4,452,2.605,4.3,18.0,2021-10-01,150.7,17:35:27
Afternoon Run,Run,1302.6,518,2.515,8.8,24.0,2021-09-30,151.7,15:12:58
Afternoon Run,Run,2779.0,904,3.074,4.6,17.0,2021-09-30,157.0,14:53:00
Afternoon Run,Run,1351.5,608,2.223,4.5,3.0,2021-09-30,120.9,14:34:57
Brisk Jog to the Uni,Run,9120.9,4154,2.196,3.6,56.0,2021-09-28,133.8,07:39:48
Afternoon Run,Run,1011.1,730,1.385,2.1,2.0,2021-09-25,120.4,17:14:07
Afternoon Run,Run,11029.9,3507,3.145,5.4,78.0,2021-09-25,164.5,16:10:16
Afternoon Run,Run,1121.3,509,2.203,3.4,16.0,2021-09-25,136.8,15:56:25
Afternoon Run,Run,1014.7,455,2.23,3.5,1.0,2021-09-23,155.5,16:36:35
Afternoon Run,Run,4007.0,1077,3.721,5.0,14.0,2021-09-23,171.7,16:10:28
Afternoon Run,Run,1027.0,476,2.158,3.4,16.0,2021-09-23,133.0,15:55:32
Afternoon Run,Run,1007.7,644,1.565,2.7,1.0,2021-09-21,121.0,16:42:18
Afternoon Run,Run,9199.0,2869,3.206,5.4,61.0,2021-09-21,164.2,15:49:24
Afternoon Run,Run,1041.1,481,2.164,3.2,11.0,2021-09-21,143.8,15:33:38
Afternoon Run,Run,67.6,31,2.181,3.4,1.0,2021-09-21,109.9,15:32:40
Afternoon Run,Run,1001.1,701,1.428,2.3,4.0,2021-09-18,119.3,13:36:48
Lunch Run,Run,11020.9,3776,2.919,4.7,82.0,2021-09-18,167.7,12:31:06
Lunch Run,Run,1094.7,470,2.329,3.2,11.0,2021-09-18,126.5,12:16:20
Afternoon Run,Run,1011.4,583,1.735,3.1,3.0,2021-09-16,117.8,17:38:01
Afternoon Run,Run,4001.6,1190,3.363,5.3,16.0,2021-09-16,149.7,17:11:26
Afternoon Run,Run,1076.3,523,2.058,3.3,10.0,2021-09-16,130.3,16:53:39
Night Activity,Workout,0.0,244,0.0,0.0,0.0,2021-09-15,78.6,21:12:28
Evening Run,Run,1023.1,714,1.433,2.7,4.0,2021-09-14,120.2,19:13:02
Evening Run,Run,6006.7,1707,3.519,5.4,26.0,2021-09-14,167.3,18:33:08
Evening Run,Run,1019.3,444,2.296,4.7,13.0,2021-09-14,140.0,18:18:59
Lunch Run,Run,1011.5,685,1.477,7.5,12.0,2021-09-11,119.9,11:14:28
Morning Run,Run,13007.8,4352,2.989,5.1,76.0,2021-09-11,168.7,09:59:15
Morning Run,Run,1011.0,427,2.368,2.9,14.0,2021-09-11,132.2,09:44:52
Evening Run,Run,1014.3,550,1.844,2.8,2.0,2021-09-09,135.3,18:26:07
Afternoon Run,Run,9027.3,2902,3.111,4.9,75.0,2021-09-09,167.3,17:34:21
Afternoon Run,Run,1024.1,461,2.221,3.3,13.0,2021-09-09,123.4,17:20:12
Night Run,Run,2008.6,568,3.536,10.9,16.0,2021-09-07,164.1,23:24:17
Morning Run,Run,12060.6,4058,2.972,4.9,81.0,2021-09-05,166.8,08:14:40
Morning Run,Run,1007.3,451,2.233,3.3,16.0,2021-09-05,137.2,07:59:00
Morning Run,Run,1013.1,601,1.686,3.2,5.0,2021-09-02,123.3,09:27:39
Morning Run,Run,9199.5,3001,3.065,5.4,58.0,2021-09-02,164.4,08:33:33
Morning Run,Run,1174.1,495,2.372,3.6,17.0,2021-09-02,114.3,08:20:34
Morning Run,Run,1176.2,614,1.916,2.8,5.0,2021-08-31,136.0,06:44:42
Morning Run,Run,6018.0,1698,3.544,5.1,20.0,2021-08-31,168.2,06:06:55
Morning Run,Run,1186.6,566,2.096,5.1,18.0,2021-08-31,125.1,05:54:25
Evening Run,Run,10117.7,3782,2.675,7.1,94.0,2021-08-29,163.7,20:43:44
Night Run,Run,6010.8,1777,3.383,6.0,49.0,2021-08-26,165.1,22:19:49
Evening Run,Run,12004.7,4252,2.823,4.7,74.0,2021-08-22,166.6,18:58:11
Evening Run,Run,548.0,214,2.561,3.4,11.0,2021-08-22,140.2,18:50:12
Night Run,Run,8997.9,3001,2.998,5.3,61.0,2021-08-20,161.1,22:39:01
Night Run,Run,4013.0,1157,3.468,5.5,31.0,2021-08-17,164.1,22:40:09
Morning Run,Run,11015.5,3781,2.913,4.9,77.0,2021-08-15,164.8,08:43:06
Night Run,Run,6018.0,1852,3.249,6.5,44.0,2021-08-12,161.2,22:57:58
Morning Run,Run,7010.0,2305,3.041,5.0,31.0,2021-08-10,167.8,08:15:35
Night Run,Run,5018.7,1555,3.227,7.8,39.0,2021-08-08,165.6,22:31:34
Lunch Run,Run,518.3,211,2.456,2.8,1.0,2021-08-06,140.2,12:35:55
Lunch Run,Run,2473.4,910,2.718,4.2,22.0,2021-08-06,155.6,12:20:14
Lunch Run,Run,526.4,193,2.727,3.5,10.0,2021-08-06,131.5,12:13:37
Morning Run,Run,576.7,208,2.773,3.4,0.0,2021-08-05,151.9,09:17:55
Morning Run,Run,2509.1,868,2.891,4.3,10.0,2021-08-05,159.8,09:02:45
Morning Run,Run,544.4,209,2.605,4.0,12.0,2021-08-05,127.7,08:56:33
Morning Run,Run,690.9,241,2.867,3.7,0.0,2021-08-03,155.4,09:40:51
Morning Run,Run,3018.7,878,3.438,4.6,22.0,2021-08-03,161.1,09:19:21
Morning Run,Run,532.2,223,2.387,3.7,13.0,2021-08-03,134.5,09:11:38
Morning Run,Run,509.9,198,2.575,3.6,0.0,2021-08-01,151.1,09:17:26
Morning Run,Run,8019.5,2676,2.997,5.0,58.0,2021-08-01,168.4,08:29:19
Morning Run,Run,512.8,206,2.489,3.7,13.0,2021-08-01,141.8,08:24:06
Night Run,Run,6122.7,2177,2.812,6.4,42.0,2021-07-30,156.4,22:37:05
Morning Run,Run,5007.5,1581,3.167,6.5,56.0,2021-07-28,162.6,05:57:23
Morning Run,Run,7010.5,2352,2.981,6.2,44.0,2021-07-25,169.2,06:08:38
Morning Run,Run,717.6,282,2.545,3.4,0.0,2021-07-23,148.5,05:25:56
Morning Run,Run,2011.9,539,3.733,4.8,15.0,2021-07-23,143.4,05:11:44
Morning Run,Run,558.8,204,2.739,4.0,12.0,2021-07-23,135.7,05:05:40
Morning Run,Run,7010.5,2239,3.131,5.2,62.0,2021-07-21,160.4,05:03:45
Morning Run,Run,5012.5,1600,3.133,5.5,58.0,2021-07-19,166.7,05:45:34
Morning Run,Run,549.9,219,2.511,3.2,0.0,2021-07-17,149.9,07:39:48
Morning Run,Run,2010.2,596,3.373,6.0,16.0,2021-07-17,163.7,07:24:51
Morning Run,Run,560.0,213,2.629,3.9,12.0,2021-07-17,137.7,07:19:50
Morning Run,Run,5404.0,1808,2.989,6.2,47.0,2021-07-15,165.6,05:48:57
Morning Run,Run,5018.5,1601,3.135,5.0,49.0,2021-07-13,173.1,06:30:15
Morning Run,Run,5218.9,1923,2.714,4.9,53.0,2021-07-11,163.9,07:38:31
Night Run,Run,4202.0,1424,2.951,5.7,24.0,2021-07-08,159.1,23:25:01
Night Run,Run,3000.0,1076,2.788,0.0,0.0,2021-07-07,,06:53:54
Night Run,Run,1225.0,390,3.141,4.8,4.0,2021-07-06,166.6,23:52:33
Night Run,Run,3091.6,1101,2.808,5.3,35.0,2021-07-04,155.3,22:30:13
Night Run,Run,2996.5,1062,2.822,5.4,26.0,2021-07-02,162.7,23:36:12
Night Run,Run,4026.3,1326,3.036,5.6,24.0,2021-06-30,167.2,23:48:07
Morning Run,Run,5039.8,1855,2.717,4.5,44.0,2021-06-27,167.5,09:39:43
Morning Run,Run,4563.2,1927,2.368,6.0,44.0,2021-06-24,159.0,08:36:24
Morning Run,Run,5015.6,1704,2.943,4.5,43.0,2021-06-22,162.7,05:41:10
Morning Run,Run,4190.0,1377,3.043,5.9,44.0,2021-06-20,157.6,05:12:07
Morning Run,Run,3012.4,1070,2.815,4.0,25.0,2021-06-18,160.3,06:44:47
Morning Run,Run,2998.6,1054,2.845,7.6,21.0,2021-06-16,151.9,07:14:53
Night Run,Run,4076.4,1379,2.956,6.8,31.0,2021-06-13,172.3,23:36:19
Night Run- saved a random girl from getting suicide. what a night ðŸ™ƒ,Run,4182.3,1594,2.624,6.9,28.0,2021-06-11,152.8,23:47:03
Night Run,Run,4157.1,1406,2.957,7.1,29.0,2021-06-07,161.2,23:02:37
Night Run,Run,4210.0,1345,3.13,5.8,37.0,2021-06-04,164.2,23:32:10
Night Run,Run,6153.0,2291,2.686,5.4,40.0,2021-05-29,170.0,23:06:21
Night Run,Run,2014.5,642,3.138,7.1,6.0,2021-05-26,152.1,22:18:18
Night Run,Run,4163.2,1400,2.974,4.8,31.0,2021-05-24,155.5,23:32:35
Night Run,Run,4161.7,1436,2.898,5.5,35.0,2021-05-22,167.4,23:13:11
Night Run,Run,5034.4,1891,2.662,6.6,42.0,2021-05-17,169.1,23:16:39
Night Run,Run,5008.8,1683,2.976,7.7,40.0,2021-05-13,165.5,22:40:10
Night Run,Run,3304.8,1094,3.021,10.8,138.0,2021-05-09,162.7,22:30:06
Evening Run,Run,3879.1,1440,2.694,5.1,136.0,2021-05-05,162.2,18:24:30
Night Run,Run,1336.9,495,2.701,4.3,9.0,2021-05-02,159.2,22:10:57
Night Run,Run,3601.2,1305,2.76,5.4,21.0,2021-05-02,144.2,21:46:31
Afternoon Run,Run,831.1,369,2.252,3.3,4.0,2020-09-11,151.2,17:29:02
Afternoon Run,Run,4016.1,1232,3.26,4.3,12.0,2020-09-11,165.4,17:04:38
Afternoon Run,Run,655.9,292,2.246,3.7,2.0,2020-09-11,129.3,16:52:20
Evening Run,Run,650.2,285,2.281,3.3,4.0,2020-09-10,157.9,20:34:17
Evening Run,Run,5022.5,1497,3.355,4.2,14.0,2020-09-10,168.0,20:05:18
Evening Run,Run,655.0,257,2.549,6.4,2.0,2020-09-10,128.5,19:45:45
Evening Run,Run,668.0,314,2.127,4.2,4.0,2020-09-07,151.8,20:24:53
Evening Run,Run,7015.0,2208,3.177,4.0,29.0,2020-09-07,157.8,19:42:48
Evening Run,Run,803.1,342,2.348,5.3,4.0,2020-09-07,110.8,19:30:06
Night Run,Run,5006.4,1521,3.292,5.1,30.0,2020-09-03,159.1,22:14:03
Evening Run,Run,654.8,265,2.471,4.1,5.0,2020-09-02,160.9,19:41:31
Evening Run,Run,6009.2,1841,3.264,4.1,36.0,2020-09-02,169.4,19:05:19
Evening Run,Run,696.9,274,2.543,5.9,3.0,2020-09-02,129.5,18:40:22
Evening Run,Run,631.8,290,2.179,4.4,5.0,2020-08-31,154.2,19:43:55
Evening Run,Run,4034.0,1145,3.523,4.3,15.0,2020-08-31,170.0,19:17:27
Evening Run,Run,269.8,74,3.646,4.5,0.0,2020-08-31,139.7,19:15:34
Evening Run,Run,761.1,316,2.409,4.5,3.0,2020-08-31,102.0,18:57:53
Morning Run,Run,6013.9,1953,3.079,5.5,42.0,2020-08-29,162.0,05:49:18
Night Run,Run,5315.7,1769,3.005,5.9,40.0,2020-08-27,165.8,23:28:36
Evening Run,Run,4171.5,1207,3.456,4.4,9.0,2020-08-25,160.0,20:28:40
Evening Run,Run,642.9,309,2.081,4.2,1.0,2020-08-25,134.9,20:09:41
Evening Run,Run,638.0,304,2.099,3.6,6.0,2020-08-23,146.5,20:17:26
Evening Run,Run,8037.0,3096,2.596,4.0,11.0,2020-08-23,158.7,19:19:15
Evening Run,Run,648.3,302,2.147,4.0,1.0,2020-08-23,116.5,19:06:14
Night Run,Run,5229.3,1524,3.431,8.1,27.0,2020-08-22,148.6,00:04:55
Night Run,Run,7629.9,2491,3.063,6.9,38.0,2020-08-19,152.4,23:07:02
Evening Run,Run,617.0,313,1.971,3.5,4.0,2020-08-17,144.6,20:33:15
Evening Run,Run,5027.8,1585,3.172,4.1,6.0,2020-08-17,153.4,20:01:15
Evening Run,Run,662.8,320,2.071,5.6,1.0,2020-08-17,103.2,19:48:53
Evening Run,Run,664.9,277,2.4,3.6,5.0,2020-08-14,144.9,20:37:56
Evening Run,Run,5026.5,1623,3.097,4.1,12.0,2020-08-14,147.4,20:05:38
Evening Run,Run,624.0,294,2.122,4.3,0.0,2020-08-14,128.0,19:54:22
Evening Run,Run,687.9,307,2.241,3.7,3.0,2020-08-11,154.1,20:53:03
Evening Run,Run,4595.7,1419,3.239,4.9,17.0,2020-08-11,156.3,20:23:53
Evening Run,Run,717.6,311,2.307,6.5,4.0,2020-08-11,134.1,20:08:05
Night Run,Run,7155.1,2380,3.006,5.2,36.0,2020-08-10,157.5,00:12:33
Evening Run,Run,648.5,295,2.198,3.5,3.0,2020-08-08,143.0,20:40:26
Evening Run,Run,2560.4,859,2.981,3.8,9.0,2020-08-08,163.4,20:17:09
Evening Run,Run,1215.1,387,3.14,4.0,0.0,2020-08-08,146.2,20:09:30
Evening Run,Run,622.0,319,1.95,3.1,1.0,2020-08-08,114.7,19:57:31
Evening Run,Run,710.9,346,2.055,3.5,5.0,2020-08-06,133.7,20:50:17
Evening Run,Run,3057.1,1021,2.994,3.9,7.0,2020-08-06,155.4,20:27:15
Evening Run,Run,667.9,333,2.006,2.8,2.0,2020-08-06,132.6,19:55:56
Evening Run,Run,617.6,286,2.159,3.6,5.0,2020-08-05,151.3,20:29:57
Evening Run,Run,2880.3,975,2.954,3.8,9.0,2020-08-05,161.4,20:08:59
Evening Run,Run,681.1,294,2.317,5.1,2.0,2020-08-05,131.7,19:55:03
Evening Run,Run,526.1,248,2.121,3.5,3.0,2020-08-03,149.9,20:37:58
Evening Run,Run,4614.2,1582,2.917,5.0,20.0,2020-08-03,160.6,19:53:28
Night Run,Run,5680.9,1837,3.092,5.7,35.0,2020-08-01,148.8,23:35:11
Night Run,Run,5708.0,2012,2.837,4.7,45.0,2020-07-30,155.1,21:19:52
Night Run,Run,4097.5,1193,3.435,7.7,30.3,2020-07-28,169.3,22:53:53
Night Run,Run,651.6,288,2.263,3.5,5.0,2020-07-25,154.8,21:22:01
Evening Run,Run,8091.4,3065,2.64,4.1,2.0,2020-07-25,154.3,20:26:20
Evening Run,Run,644.6,303,2.127,4.7,1.0,2020-07-25,139.1,20:16:03
Evening Run,Run,599.9,252,2.381,4.9,6.0,2020-07-23,151.4,20:50:33
Evening Run,Run,4433.7,1378,3.217,4.9,16.0,2020-07-23,167.6,20:20:47
Evening Run,Run,669.6,518,1.293,3.1,3.0,2020-07-23,134.0,20:06:17
Evening Run,Run,5080.3,1600,3.175,4.0,2.0,2020-07-21,157.7,19:56:16
Evening Run,Run,723.9,346,2.092,3.5,1.0,2020-07-21,134.3,19:38:24
Night Run,Run,6506.1,2090,3.113,6.0,37.0,2020-07-21,161.7,01:34:44
Evening Run,Run,89.9,45,1.998,2.3,0.0,2020-07-17,141.7,18:59:21
Evening Run,Run,5577.3,1994,2.797,5.1,23.0,2020-07-17,157.8,18:12:45
Night Run,Run,6463.7,2260,2.86,4.4,48.0,2020-07-16,160.4,00:32:37
Night Run,Run,5266.5,1681,3.133,5.3,34.0,2020-07-14,157.1,00:29:31
Night Run,Run,551.8,218,2.531,3.9,4.0,2020-07-12,154.1,21:04:49
Evening Run,Run,3620.0,1216,2.977,9.9,7.0,2020-07-12,161.5,20:38:29
Evening Run,Run,631.6,273,2.314,3.3,16.0,2020-07-12,133.4,20:27:57
Night Run,Run,5998.2,2246,2.671,5.2,38.0,2020-07-09,147.7,22:42:38
Evening Run,Run,607.2,277,2.192,3.2,3.0,2020-07-06,155.3,19:49:48
Evening Run,Run,4489.5,1384,3.244,5.2,19.0,2020-07-06,153.0,19:20:40
Evening Run,Run,655.6,274,2.393,3.5,6.0,2020-07-06,140.3,19:07:01
Morning Run,Run,9512.5,3352,2.838,6.1,42.0,2020-07-05,159.6,05:45:17
Night Run,Run,592.6,247,2.399,3.7,5.0,2020-07-03,148.8,21:04:39
Evening Run,Run,5175.1,1808,2.862,4.0,17.0,2020-07-03,163.5,20:29:57
Evening Run,Run,593.6,295,2.012,3.1,1.0,2020-07-03,127.0,20:20:40
Evening Run,Run,550.6,258,2.134,3.1,6.0,2020-06-30,156.2,20:11:29
Evening Run,Run,5577.1,1819,3.066,5.4,12.0,2020-06-30,156.4,19:28:11
Afternoon Run,Run,304.8,113,2.697,5.0,0.0,2020-06-30,120.5,15:55:05
Evening Run,Run,565.8,217,2.607,4.3,3.0,2020-06-28,157.2,20:17:03
Evening Run,Run,3445.9,1200,2.872,4.8,13.0,2020-06-28,151.4,19:52:29
Evening Run,Run,613.0,289,2.121,5.9,1.0,2020-06-28,126.1,19:36:33
Night Run,Run,4030.5,1489,2.707,4.3,29.0,2020-06-25,151.1,22:53:06
Night Run,Run,448.9,216,2.078,2.8,3.0,2020-06-23,152.9,21:01:57
Evening Run,Run,5297.1,1804,2.936,4.2,9.0,2020-06-23,154.3,20:24:10
Evening Run,Run,689.8,373,1.849,4.5,2.0,2020-06-23,123.4,19:52:43
Evening Run,Run,5346.1,1914,2.793,3.7,10.0,2020-06-20,160.6,20:12:10
Night Run,Run,4188.2,1356,3.089,5.5,18.0,2020-06-18,145.5,22:56:05
Night Run,Run,9501.2,3067,3.098,6.0,35.0,2020-06-15,160.4,23:07:03
Night Run,Run,6112.2,2140,2.856,4.6,44.0,2020-06-11,149.1,23:29:58
Night Run,Run,5721.8,1810,3.161,6.2,26.0,2020-06-09,165.0,23:49:12
Night Run,Run,9032.2,2914,3.1,6.5,40.0,2020-06-06,169.6,23:51:20
Night Run,Run,5776.4,1832,3.153,7.7,33.0,2020-06-04,147.9,00:01:41
Night Run,Run,7647.0,2746,2.785,6.8,42.0,2020-06-01,162.8,23:23:42
Night Run,Run,5796.8,1878,3.087,6.4,31.0,2020-05-30,150.1,23:18:58
Night Run,Run,9570.5,3454,2.771,4.4,39.0,2020-05-28,157.7,23:17:42
Night Run,Run,5599.3,1765,3.172,7.0,28.0,2020-05-24,160.7,23:00:15
Night Run,Run,8670.9,2853,3.039,5.2,41.0,2020-05-21,150.6,22:27:32
Night Run,Run,5817.8,1937,3.004,6.8,34.0,2020-05-18,149.8,23:39:05
Night Run,Run,8681.5,3050,2.846,4.6,42.0,2020-05-15,160.8,01:42:29
Night Run,Run,9217.3,3019,3.053,5.9,42.0,2020-05-09,150.4,23:07:38
Night Run,Run,5277.4,1816,2.906,5.7,35.0,2020-05-07,165.1,23:19:41
Night Run,Run,9039.4,3003,3.01,6.5,42.0,2020-05-05,163.4,00:20:04
Night Run,Run,5759.2,1856,3.103,6.7,37.0,2020-05-02,152.6,22:14:40
Night Run,Run,8438.6,2902,2.908,5.4,39.0,2020-04-30,161.2,22:26:06
Night Run,Run,9254.5,2925,3.164,10.5,42.0,2020-04-27,162.4,00:31:49
Night Run,Run,5398.2,1656,3.26,7.9,27.0,2020-04-23,161.9,23:24:28
Night Run,Run,5189.4,1723,3.012,4.9,31.0,2020-04-22,164.1,23:16:47
Night Run,Run,8503.5,2793,3.045,7.0,39.0,2020-04-19,142.8,23:31:28
Night Run,Run,5336.6,1749,3.051,6.1,25.0,2020-04-17,154.4,23:17:05
Night Run,Run,8727.3,3001,2.908,6.6,35.0,2020-04-14,162.9,23:41:23
Night Run,Run,6259.7,2141,2.924,6.4,32.0,2020-04-11,155.6,22:51:32
Night Run,Run,8326.1,3001,2.774,5.4,35.0,2020-04-09,164.6,21:11:20
Night Run,Run,894.9,287,3.118,4.1,9.0,2020-03-23,150.4,01:21:01
Night Run,Run,7138.9,1816,3.931,4.9,0.0,2020-03-22,159.0,21:46:39
Morning Run,Run,9015.6,3041,2.965,4.6,78.0,2020-03-20,153.4,07:25:00
Evening Run,Run,864.9,337,2.566,5.2,6.0,2020-03-19,144.0,18:16:34
Afternoon Run,Run,4931.9,1590,3.102,3.7,0.0,2020-03-19,132.1,14:39:46
Morning Run - Warm Down,Run,883.7,328,2.694,3.4,6.0,2020-03-18,142.5,04:35:30
Night Run,Run,1092.6,255,4.285,5.0,0.0,2020-03-18,154.7,01:25:48
Night Run,Run,1168.2,259,4.51,5.1,0.0,2020-03-18,158.4,01:17:40
Night Run,Run,1109.1,261,4.249,4.9,0.0,2020-03-18,160.3,01:10:59
Night Run,Run,1058.6,278,3.808,4.6,0.0,2020-03-18,157.2,01:04:24
Afternoon Run,Run,910.6,342,2.663,4.9,8.0,2020-03-16,154.0,17:22:47
Afternoon Run,Run,9958.2,2727,3.652,4.9,0.0,2020-03-16,160.8,13:34:49
Evening Run,Run,6629.0,1808,3.666,4.4,0.0,2020-03-14,165.6,18:20:40
Night Run,Run,6000.0,1768,3.394,0.0,0.0,2020-03-12,,18:37:02
Night Run,Run,1187.7,251,4.732,5.4,0.0,2020-03-11,143.5,01:35:39
Night Run,Run,1188.2,249,4.772,5.5,0.0,2020-03-11,146.8,01:28:19
Night Run,Run,1181.8,256,4.616,5.1,0.0,2020-03-11,143.4,01:20:46
Night Run,Run,1343.1,353,3.805,4.9,0.0,2020-03-11,127.1,01:10:34
Night Run,Run,399.5,248,1.611,3.1,0.0,2020-03-11,106.2,01:02:03
Night Run,Run,10307.1,3905,2.639,7.3,106.0,2020-03-09,153.2,00:57:45
Night Run - Dog Hammered Shit Tempos,Run,5453.4,1217,4.481,4.8,0.0,2020-03-07,157.8,17:35:54
Afternoon Run,Run,1036.8,450,2.304,3.6,0.0,2020-03-07,131.0,17:27:33
Night Run,Run,8657.2,2838,3.05,5.1,89.0,2020-03-06,163.0,00:24:15
Night Run,Run,702.8,244,2.88,5.8,5.0,2020-03-05,134.8,23:38:54
Night Run - Intervals,Run,3362.9,714,4.71,5.9,0.0,2020-03-03,131.5,23:45:57
Night Run,Run,22.2,61,0.364,3.1,0.0,2020-03-03,120.1,23:44:03
Night Run,Run,11505.1,3799,3.028,10.4,117.0,2020-03-01,157.1,23:58:56
Morning Run - Tempo,Run,7927.6,1812,4.375,4.9,0.0,2020-02-29,162.8,07:40:18
Morning Run,Run,1761.2,601,2.93,3.7,0.0,2020-02-29,125.1,07:27:24
Lunch Run,Run,1202.9,413,2.913,4.3,10.0,2020-02-27,157.2,11:15:53
Morning Run,Run,9074.4,3067,2.959,6.5,53.0,2020-02-27,167.0,10:23:05
Morning Run,Run,250.9,115,2.182,3.7,0.0,2020-02-27,123.4,09:29:25
Night Run,Run,181.7,96,1.893,2.6,0.0,2020-02-25,120.1,23:41:43
Night Run,Run,4641.5,1464,3.17,5.7,0.0,2020-02-25,146.9,21:23:42
Afternoon Run,Run,10537.2,3913,2.693,7.1,103.0,2020-02-23,160.0,13:56:56
Afternoon Run,Run,634.2,262,2.421,3.5,4.0,2020-02-23,112.3,13:19:59
Night Run,Run,5863.5,1586,3.697,4.7,0.0,2020-02-22,158.4,02:48:42
Afternoon Run,Run,10035.5,3214,3.122,5.5,99.0,2020-02-20,166.9,14:53:39
Afternoon Run,Run,820.8,357,2.299,4.0,7.0,2020-02-20,114.1,13:58:12
Night Run,Run,4102.9,1807,2.271,2.7,0.0,2020-02-19,142.5,01:06:19
Morning Run,Run,5560.1,2222,2.502,4.7,48.0,2020-02-18,146.8,07:32:49
Night Activity,Rowing,0.0,2649,0.0,0.0,0.0,2020-02-17,138.9,02:03:14
Morning Run,Run,9161.7,4086,2.242,7.3,91.0,2020-02-16,144.6,04:03:23
Night Activity,Rowing,0.0,1526,0.0,0.0,0.0,2020-02-15,128.2,02:32:55
Night Run,Run,4224.8,1373,3.077,3.9,0.0,2020-02-14,167.2,01:53:31
Morning Run,Run,9008.5,3069,2.935,8.7,75.0,2020-02-13,160.2,06:15:33
Lunch Run,Run,5312.0,1898,2.799,5.0,45.0,2020-02-11,153.8,11:34:34
Evening Run,Run,1493.1,464,3.218,4.3,11.0,2020-02-07,147.9,20:15:10
Evening Run,Run,6008.8,2070,2.903,5.0,14.0,2020-02-07,160.6,19:32:35
Evening Run,Run,870.2,296,2.94,4.4,6.0,2020-02-07,127.8,19:22:23
Evening Run,Run,6373.7,2356,2.705,4.8,51.0,2020-02-04,151.8,19:38:37
Evening Run,Run,801.7,414,1.936,3.7,8.0,2020-02-04,132.7,19:30:17
Evening Run,Run,351.3,178,1.974,3.6,2.4,2020-02-01,158.2,20:14:18
Evening Run,Run,6515.3,2172,3.0,4.2,72.4,2020-02-01,162.1,19:28:58
Evening Run,Run,618.3,330,1.874,2.8,8.7,2020-01-30,146.1,20:45:17
Evening Run,Run,8765.8,3067,2.858,4.0,91.8,2020-01-30,164.4,19:51:37
Evening Run,Run,648.4,317,2.045,5.2,7.3,2020-01-30,121.6,19:39:21
Morning Run,Run,6471.6,2477,2.613,11.2,73.2,2020-01-21,139.2,05:09:11
Night Run,Run,12043.9,4214,2.858,5.9,164.0,2020-01-19,163.2,23:47:32
Night Run,Run,6383.4,2289,2.789,4.9,116.2,2020-01-18,150.2,21:19:12
Evening Swim,Swim,175.0,449,0.39,1.7,0.0,2020-01-17,119.3,18:26:47
Evening Run,Run,179.3,102,1.758,2.4,3.0,2020-01-16,137.8,19:02:55
Evening Run,Run,8755.6,3037,2.883,8.7,202.2,2020-01-16,164.8,18:03:38
Afternoon Run,Run,404.4,164,2.466,3.3,8.0,2020-01-16,124.6,17:57:52
Afternoon Run,Run,6624.9,2506,2.644,4.9,61.5,2020-01-14,159.3,17:16:48
Night Run,Run,10479.5,3413,3.07,5.8,147.2,2020-01-09,167.6,22:49:28
Morning Run,Run,2127.3,763,2.788,4.5,29.5,2020-01-07,147.6,06:37:09
Morning Run,Run,1013.0,259,3.911,4.9,12.2,2020-01-07,,06:29:05
Morning Run,Run,1010.9,268,3.772,4.5,9.8,2020-01-07,,06:21:10
Morning Run,Run,1009.6,276,3.658,4.4,10.7,2020-01-07,,06:14:14
Morning Run,Run,812.8,378,2.15,6.0,7.6,2020-01-07,103.0,05:59:44
Night Run,Run,12000.5,4080,2.941,6.5,169.6,2020-01-05,160.6,23:12:19
Evening Run,Run,741.5,350,2.119,3.7,8.3,2020-01-04,158.7,20:27:50
Evening Run,Run,1440.3,413,3.487,4.3,24.3,2020-01-04,166.5,20:09:45
Evening Run,Run,2024.8,524,3.864,5.2,30.0,2020-01-04,166.0,20:00:10
Evening Run,Run,405.7,136,2.983,3.9,7.7,2020-01-04,146.8,19:57:44
Evening Run,Run,2011.3,561,3.585,4.9,29.6,2020-01-04,166.4,19:46:20
Evening Run,Run,715.9,346,2.069,5.6,7.6,2020-01-04,119.7,19:35:43
Morning Run,Run,748.8,319,2.347,5.2,13.5,2020-01-04,140.3,05:18:57
Morning Run,Run,2168.6,605,3.584,4.5,21.6,2020-01-04,167.6,05:02:43
Morning Run,Run,805.5,356,2.263,4.0,7.5,2020-01-04,130.8,04:50:04
Night Run,Run,10614.6,3495,3.037,5.6,159.4,2020-01-02,170.7,21:22:27
Night Run,Run,5716.0,2009,2.845,5.7,84.8,2020-01-01,160.0,22:58:35
Evening Run,Run,3031.7,1142,2.655,4.3,59.4,2019-12-31,164.6,19:51:07
Evening Run,Run,1044.3,262,3.986,5.4,14.9,2019-12-31,161.7,19:45:22
Evening Run,Run,1023.4,264,3.877,5.1,14.4,2019-12-31,,19:38:06
Evening Run,Run,1023.6,267,3.834,4.9,13.8,2019-12-31,,19:30:57
Evening Run,Run,718.1,337,2.131,4.7,7.5,2019-12-31,150.1,19:17:51
Night Run,Run,9587.7,3116,3.077,7.6,148.5,2019-12-29,171.7,21:26:03
Morning Run,Run,10429.9,3406,3.062,5.5,146.2,2019-12-28,170.3,04:35:19
Morning Run,Run,10013.6,3354,2.986,5.3,150.4,2019-12-26,175.2,04:50:22
Morning Run,Run,2051.2,753,2.724,4.8,35.3,2019-12-23,161.0,06:01:35
Morning Run,Run,6021.6,2115,2.847,3.8,95.0,2019-12-23,164.5,05:21:09
Morning Run,Run,707.7,328,2.158,3.4,7.7,2019-12-23,118.4,05:06:50
Morning Run,Run,8307.8,2866,2.899,5.7,134.4,2019-12-21,170.4,04:27:17
Night Run,Run,8031.5,2892,2.777,5.5,117.4,2019-12-18,166.2,21:16:34
Morning Run,Run,10292.7,2789,3.69,5.3,202.5,2019-12-01,181.6,06:30:03
Evening Run,Run,642.3,301,2.134,4.0,12.8,2019-11-29,148.2,20:12:59
"Easy is Smooth, Smooth is Fast",Run,11095.1,3730,2.975,4.3,181.0,2019-11-29,163.6,19:07:30
Evening Run,Run,716.9,318,2.254,4.2,7.4,2019-11-29,118.0,18:51:46
Afternoon Run,Run,2589.8,615,4.211,5.4,38.5,2019-11-28,183.1,17:54:33
Evening Run,Run,673.2,308,2.186,3.9,8.9,2019-11-26,155.4,20:08:37
Evening Run,Run,7027.8,1891,3.716,4.8,89.2,2019-11-26,182.9,19:29:02
Evening Run,Run,697.5,322,2.166,5.3,7.7,2019-11-26,123.1,19:16:07
Evening Run,Run,607.1,273,2.224,4.3,12.2,2019-11-25,156.0,19:47:36
Evening Run,Run,8008.4,2262,3.54,4.7,98.7,2019-11-25,181.3,19:03:28
Evening Run,Run,708.8,299,2.371,5.3,7.8,2019-11-25,129.7,18:50:40
Night Run,Run,12168.4,4125,2.95,5.8,293.8,2019-11-23,169.9,21:42:33
Night Run,Run,430.4,168,2.562,4.6,7.9,2019-11-23,114.8,21:38:15
Evening Run,Run,808.2,412,1.962,3.8,14.1,2019-11-21,149.3,20:19:24
Evening Run,Run,11017.6,3162,3.484,4.7,169.9,2019-11-21,174.1,19:16:42
Evening Run,Run,707.0,313,2.259,4.0,7.7,2019-11-21,126.4,19:02:19
Evening Run,Run,679.6,291,2.335,4.2,12.8,2019-11-19,156.0,19:57:44
Evening Run,Run,6035.7,1526,3.955,5.7,95.1,2019-11-19,159.2,19:21:01
Evening Run,Run,705.0,307,2.297,3.4,7.6,2019-11-19,166.7,19:10:01
Night Run,Run,438.1,251,1.746,3.3,4.9,2019-11-18,151.6,21:56:07
Night Run,Run,8057.4,2486,3.241,6.3,189.9,2019-11-18,172.8,21:13:49
Night Run,Run,346.2,139,2.491,4.1,7.9,2019-11-18,169.8,21:08:38
Morning Run,Run,9025.0,3026,2.982,5.9,138.1,2019-11-16,176.2,10:59:01
Morning Run,Run,558.8,240,2.328,3.9,6.9,2019-11-16,138.1,10:46:34
Evening Run,Run,1950.7,802,2.432,4.3,36.5,2019-11-14,161.5,20:06:11
Evening Run - 3/3,Run,1048.3,400,2.621,3.3,4.6,2019-11-14,163.4,19:54:10
Evening Run - 2/3,Run,5020.4,1311,3.829,5.6,79.0,2019-11-14,176.6,19:24:35
Evening Run - 1/3,Run,2025.5,531,3.815,4.6,31.7,2019-11-14,181.3,19:11:56
Evening Run,Run,686.0,316,2.171,4.4,7.8,2019-11-14,123.3,18:59:15
Night Run,Run,340.5,161,2.115,3.5,5.7,2019-11-12,148.2,21:20:12
Evening Run,Run,8125.3,2511,3.236,5.1,193.8,2019-11-12,171.3,20:37:41
Evening Run,Run,392.8,147,2.672,4.7,7.8,2019-11-12,71.0,20:31:37
Evening Run,Run,711.9,343,2.076,3.3,13.1,2019-11-11,161.6,19:27:13
Evening Run,Run,8032.3,2273,3.534,5.0,129.7,2019-11-11,181.8,18:45:19
Evening Run,Run,709.0,298,2.379,4.8,7.4,2019-11-11,161.0,18:32:43
Easy Run,Run,15005.4,5362,2.798,5.3,382.9,2019-11-09,168.7,07:15:34
Morning Run,Run,433.8,176,2.465,3.9,7.6,2019-11-09,127.7,07:11:33
Morning Run,Run,746.7,334,2.235,4.4,16.9,2019-11-08,156.6,05:59:26
Morning Run,Run,8018.9,2323,3.452,4.7,118.3,2019-11-08,171.3,05:18:34
Morning Run,Run,776.9,297,2.616,4.5,7.5,2019-11-08,130.3,05:05:32
Morning Run,Run,725.8,350,2.074,3.3,11.2,2019-11-07,151.4,05:42:02
Morning Run,Run,6076.6,1599,3.8,4.7,95.7,2019-11-07,177.0,05:00:10
Morning Run,Run,786.6,302,2.605,5.0,7.5,2019-11-07,145.0,04:47:15
Night Run,Run,6013.3,1891,3.18,5.4,95.8,2019-11-06,171.2,00:23:03
Night Run,Run,11071.7,3601,3.075,6.3,173.6,2019-11-02,173.6,23:44:35
Evening Run,Run,683.2,313,2.183,3.9,13.3,2019-10-31,164.6,20:31:55
Evening Run,Run,8105.1,2358,3.437,4.9,126.6,2019-10-31,179.0,19:49:42
Evening Run,Run,701.1,295,2.377,4.9,7.8,2019-10-31,137.9,19:38:52
Morning Run,Run,510.7,267,1.913,6.0,5.1,2019-10-30,158.1,07:56:14
Morning Run,Run,7686.3,2281,3.37,11.6,211.9,2019-10-30,172.2,07:16:45
Morning Run,Run,474.0,228,2.079,6.0,5.3,2019-10-29,159.4,07:22:53
Morning Run,Run,7684.6,2329,3.3,5.5,185.9,2019-10-29,172.9,06:43:39
Morning Run,Run,402.3,163,2.468,3.8,7.8,2019-10-29,117.1,06:37:32
Morning Run,Run,2082.8,802,2.597,5.6,34.8,2019-10-27,150.2,05:19:15
Morning Run,Run,2034.8,511,3.982,5.2,28.4,2019-10-27,170.7,05:03:27
Morning Run,Run,376.5,174,2.164,3.6,5.7,2019-10-27,133.2,04:53:25
Night Run,Run,9064.6,2985,3.037,5.4,139.8,2019-10-26,165.6,00:21:46
Morning Run,Run,721.3,328,2.199,3.8,13.3,2019-10-24,157.2,05:46:16
Morning Run,Run,7031.8,1947,3.612,5.0,108.4,2019-10-24,165.3,05:09:36
Morning Run,Run,720.8,295,2.443,6.6,6.8,2019-10-24,131.3,04:56:41
Morning Run,Run,736.7,329,2.239,4.0,11.2,2019-10-23,155.8,05:34:37
Morning Run,Run,6029.4,1657,3.639,5.0,96.1,2019-10-23,176.7,05:02:46
Morning Run,Run,712.6,249,2.862,4.9,7.3,2019-10-23,139.2,04:49:47
Evening Run,Run,705.4,359,1.965,4.2,8.4,2019-10-21,157.4,19:43:14
Evening Run,Run,8028.3,2267,3.541,5.6,126.6,2019-10-21,176.8,19:02:21
Evening Run,Run,683.8,300,2.279,3.9,7.5,2019-10-21,144.3,18:47:49
Night Run,Run,9479.0,3250,2.917,6.1,154.1,2019-10-20,168.4,00:17:32
Evening Run,Run,725.5,317,2.289,4.5,13.8,2019-10-17,152.9,19:17:56
Evening Run,Run,6030.8,1668,3.616,5.7,94.8,2019-10-17,174.1,18:48:11
Evening Run,Run,723.0,298,2.426,4.4,7.6,2019-10-17,131.3,18:36:09
Night Run,Run,8179.1,2758,2.966,4.8,129.3,2019-10-16,166.6,22:13:14
Evening Run,Run,2054.7,849,2.42,5.2,36.0,2019-10-15,160.4,18:45:46
Evening Run,Run,6028.4,1676,3.597,5.1,93.2,2019-10-15,172.1,18:13:47
Evening Run,Run,356.1,177,2.012,3.9,3.3,2019-10-15,129.2,18:03:50
Night Run,Run,4276.8,1312,3.26,6.9,99.9,2019-10-14,171.0,21:20:39
Night Run - Easy/Steady ,Run,7684.8,2573,2.987,4.6,132.4,2019-10-12,165.7,23:23:34
Evening Run,Run,704.1,324,2.173,3.9,10.9,2019-10-11,155.8,19:47:30
Evening Run,Run,3029.0,803,3.772,5.8,43.7,2019-10-11,173.5,19:29:50
Evening Run,Run,695.6,293,2.374,4.4,7.6,2019-10-11,115.1,19:17:42
Evening Run,Run,707.8,320,2.212,3.7,12.9,2019-10-09,155.8,19:43:16
Evening Run - Nice Little Run,Run,3072.4,803,3.826,5.5,49.6,2019-10-09,,19:25:13
Evening Run,Run,684.5,286,2.393,4.4,7.3,2019-10-09,165.7,19:15:04
Night Run,Run,7600.5,2442,3.112,5.9,132.1,2019-10-08,167.5,23:45:32
Evening Run,Run,2821.9,995,2.836,5.4,49.4,2019-10-07,168.7,18:09:14
Afternoon Run,Run,2362.0,613,3.853,5.2,31.0,2019-10-07,175.3,17:57:52
Afternoon Run,Run,727.1,292,2.49,4.4,7.4,2019-10-07,143.2,17:42:57
Night Run,Run,7683.6,2560,3.001,5.3,130.3,2019-10-06,170.4,22:03:11
Afternoon Run,Run,2789.7,1031,2.706,5.4,40.2,2019-10-05,172.0,17:23:55
Afternoon Run,Run,3553.5,985,3.608,4.6,51.5,2019-10-05,174.7,17:03:28
Afternoon Run,Run,711.7,299,2.38,6.7,6.9,2019-10-05,146.1,16:52:18
Evening Run,Run,697.4,323,2.159,4.3,11.4,2019-10-04,152.6,20:19:30
Evening Run,Run,3029.5,852,3.556,4.7,44.2,2019-10-04,168.6,20:02:01
Evening Run,Run,707.1,315,2.245,3.8,7.4,2019-10-04,163.6,19:49:16
Evening Run,Run,712.9,318,2.242,5.0,13.3,2019-10-03,157.6,19:54:44
Evening Run,Run,2912.0,792,3.677,5.0,47.3,2019-10-03,182.0,19:39:37
Evening Run,Run,707.8,274,2.583,4.0,7.7,2019-10-03,183.7,19:30:02
Afternoon Run,Run,672.8,299,2.25,4.4,8.7,2019-10-02,173.6,13:24:51
Afternoon Run,Run,3011.0,914,3.294,4.4,46.9,2019-10-02,182.9,13:05:34
Lunch Run,Run,713.3,293,2.435,4.0,7.5,2019-10-02,154.7,12:53:01
Evening Run,Run,3037.0,813,3.736,5.2,46.0,2019-09-27,179.2,19:55:36
Evening Run,Run,679.2,322,2.109,6.2,7.7,2019-09-27,156.2,19:43:44
Evening Run,Run,3011.2,870,3.461,4.7,46.8,2019-09-21,180.1,18:28:20
Night Run,Run,5149.1,1987,2.591,5.1,51.5,2019-09-10,153.0,21:24:31
Evening Run,Run,8085.1,2476,3.265,6.0,290.2,2019-08-17,164.0,20:54:13
Evening Run,Run,733.8,329,2.23,3.8,10.1,2019-08-15,141.4,20:55:02
Evening Run,Run,530.6,226,2.348,3.1,0.0,2019-08-15,145.6,20:48:00
Evening Run,Run,8078.6,2169,3.725,4.8,119.9,2019-08-15,174.1,20:09:13
Evening Run,Run,750.9,253,2.968,3.3,8.2,2019-08-15,167.0,19:58:41
Evening Run,Run,2089.0,910,2.296,5.0,33.3,2019-08-14,149.0,20:29:01
Evening Run - Nice & complacent ,Run,6035.2,1548,3.899,5.1,88.7,2019-08-14,172.6,19:59:27
Evening Run,Run,763.5,323,2.364,4.9,8.0,2019-08-14,141.9,19:48:44
Evening Run,Run,892.6,430,2.076,4.3,22.3,2019-08-13,146.1,20:24:33
Evening Run,Run,3036.7,763,3.98,5.1,44.4,2019-08-13,173.1,20:09:04
Evening Run,Run,2033.4,490,4.15,5.1,29.1,2019-08-13,,19:57:24
Evening Run,Run,761.0,326,2.334,6.3,7.9,2019-08-13,109.1,19:45:00
Night Run,Run,11022.0,3323,3.317,7.1,382.1,2019-08-12,170.8,21:34:09
Evening Run,Run,638.6,334,1.912,4.1,19.5,2019-08-11,126.5,18:46:15
Evening Run - Nice little run with dad,Run,3240.0,1265,2.561,3.3,50.4,2019-08-11,137.2,18:24:04
Evening Run,Run,754.8,340,2.22,5.3,7.8,2019-08-11,124.6,18:15:23
Evening Run,Run,841.0,441,1.907,4.2,18.8,2019-08-10,144.6,20:24:18
Evening Run,Run,11563.4,3322,3.481,4.8,173.7,2019-08-10,166.3,19:23:05
Evening Run,Run,804.9,328,2.454,4.1,8.0,2019-08-10,153.9,19:10:41
Evening Run,Run,832.0,427,1.948,3.2,15.7,2019-08-09,141.4,20:40:08
Evening Run - Peace,Run,10025.9,2709,3.701,5.2,150.1,2019-08-09,171.7,19:53:52
Evening Run,Run,763.0,318,2.399,5.1,7.9,2019-08-09,127.4,19:42:19
Evening Run,Run,1399.9,656,2.134,3.5,24.1,2019-08-08,147.2,20:25:09
Evening Run - 3000 x 2 at Mod,Run,6040.6,1501,4.024,6.1,84.1,2019-08-08,172.8,19:48:26
Evening Run,Run,774.3,365,2.121,5.1,7.9,2019-08-08,130.8,19:34:49
Night Run,Run,3257.3,927,3.514,5.7,116.5,2019-08-07,168.2,23:07:35
Night Run,Run,11031.3,3515,3.138,7.1,378.8,2019-08-07,164.2,00:36:16
Evening Run,Run,1711.8,677,2.528,4.7,26.2,2019-08-04,153.2,18:35:21
Evening Run - 500m x 6; 100 push-ups; 50 pulls up.,Run,3010.8,718,4.193,5.4,37.2,2019-08-04,174.1,18:21:02
Evening Run,Run,739.6,312,2.37,3.6,7.8,2019-08-04,,18:09:47
Evening Run,Run,702.2,352,1.995,5.2,10.8,2019-08-03,150.7,20:47:32
Evening Run - Complacent session :),Run,10023.6,2732,3.669,4.9,153.4,2019-08-03,175.2,19:59:07
Evening Run,Run,686.4,299,2.296,3.7,7.8,2019-08-03,134.0,19:47:00
Night Run - Easy/Steady,Run,11019.9,3462,3.183,6.2,380.7,2019-08-02,163.2,00:32:44
Evening Run,Run,3030.0,1241,2.442,4.6,54.3,2019-07-31,156.1,20:34:02
Evening Run - Mod Hard,Run,5027.4,1173,4.286,6.2,71.9,2019-07-31,165.3,20:04:19
Evening Run,Run,724.7,313,2.315,6.2,8.7,2019-07-31,175.2,19:52:03
Evening Run,Run,736.2,358,2.056,3.9,16.0,2019-07-29,150.0,20:40:30
Evening Run,Run,7504.0,1968,3.813,5.5,106.3,2019-07-29,174.9,19:58:10
Evening Run,Run,750.3,313,2.397,6.0,8.0,2019-07-29,133.4,19:45:53
Morning Run,Run,715.5,310,2.308,3.8,11.5,2019-07-29,138.3,07:27:05
Morning Run,Run,3021.0,1096,2.756,4.3,44.1,2019-07-29,146.7,07:05:13
Morning Run,Run,709.3,312,2.274,5.2,8.0,2019-07-29,124.5,06:54:31
Evening Run,Run,2977.5,1179,2.525,5.2,47.4,2019-07-27,160.7,19:49:15
Evening Run,Run,654.7,249,2.629,3.3,4.2,2019-07-27,161.1,19:41:47
Evening Run - 1 x 9km at Mod hard,Run,9687.1,2621,3.696,5.0,145.5,2019-07-27,178.3,18:55:29
Evening Run,Run,708.9,295,2.403,5.1,7.9,2019-07-27,154.8,18:43:23
Morning - Fun run with Anna,Run,5177.4,1611,3.214,6.9,182.6,2019-07-27,165.0,06:08:27
Evening Run,Run,758.8,349,2.174,4.4,15.0,2019-07-25,148.9,20:54:01
Evening Run - 800 x 8 at Mod,Run,8080.7,2124,3.804,5.3,121.7,2019-07-25,172.1,20:11:30
Evening Run,Run,744.0,308,2.416,5.9,8.4,2019-07-25,114.6,19:59:29
Evening Run,Run,2969.3,1214,2.446,6.0,47.0,2019-07-23,154.2,20:47:11
Evening Run,Run,259.9,55,4.726,5.8,3.6,2019-07-23,,20:44:15
Evening Run - 1 x 3 miles,Run,4879.2,1258,3.879,5.5,55.4,2019-07-23,167.2,20:17:37
Evening Run,Run,688.7,286,2.408,3.7,9.0,2019-07-23,,20:06:13
Evening Run,Run,2929.0,1143,2.563,4.7,46.7,2019-07-22,149.8,20:17:00
Evening Run,Run,4124.2,1083,3.808,5.3,34.9,2019-07-22,158.3,19:50:28
Evening Run,Run,721.1,301,2.396,5.1,7.9,2019-07-22,138.8,19:39:17
Evening Run,Run,2852.6,1101,2.591,5.3,46.9,2019-07-20,163.7,18:06:52
Afternoon Run - 400m x 16 at Mod,Run,8025.9,2212,3.628,4.5,95.3,2019-07-20,175.5,17:26:25
Afternoon Run,Run,716.2,258,2.776,5.2,8.2,2019-07-20,135.2,17:14:13
Evening Run,Run,2800.7,1044,2.683,5.9,45.7,2019-07-19,154.1,20:33:16
Evening Run,Run,4425.1,1178,3.756,4.8,37.6,2019-07-19,166.5,19:58:44
Evening Run,Run,111.6,66,1.692,2.8,0.0,2019-07-19,73.0,19:50:23
Evening Run,Run,600.4,225,2.669,5.3,8.8,2019-07-19,150.4,19:46:25
Enjoyable Run,Run,16105.5,5152,3.126,8.8,556.3,2019-07-17,165.0,22:23:12
Evening Run,Run,2844.2,1044,2.724,6.5,46.9,2019-07-16,156.8,20:50:32
Evening Run,Run,6021.8,1667,3.612,4.6,87.9,2019-07-16,168.2,20:20:46
Evening Run,Run,746.3,239,3.123,6.3,8.0,2019-07-16,131.2,20:11:10
"Fire, ice and then fire again.",Run,7660.3,2120,3.613,5.7,94.6,2019-07-15,172.9,19:49:40
Evening Run,Run,684.0,297,2.303,4.5,7.7,2019-07-15,119.3,19:38:17
Evening Run,Run,2792.5,925,3.019,5.8,44.2,2019-07-14,162.9,18:47:47
Evening Run,Run,2029.5,524,3.873,4.8,26.8,2019-07-14,136.6,18:33:41
Evening Run,Run,687.5,286,2.404,3.6,7.6,2019-07-14,173.8,18:18:07
Night Run - Miâ€™cito pacito ,Run,565.7,196,2.886,4.0,0.0,2019-07-13,165.2,23:24:41
Night Run - 1 x 4 miles,Run,3236.5,933,3.469,5.0,112.1,2019-07-13,175.2,23:07:23
Night Run - 1 x 4 miles,Run,3257.7,928,3.51,5.7,122.1,2019-07-13,149.3,22:46:07
Evening Run,Run,874.8,353,2.478,3.2,18.9,2019-07-11,146.7,19:44:03
Evening Run,Run,3592.4,1032,3.481,6.1,71.2,2019-07-11,161.5,19:15:54
Evening Run,Run,441.3,117,3.772,6.2,8.2,2019-07-11,143.6,19:11:56
Evening Run,Run,1239.3,517,2.397,3.6,24.5,2019-07-11,129.4,19:02:58
Night Run - Meditated 10 miles :),Run,16124.3,4875,3.308,7.3,544.7,2019-07-10,166.1,22:36:22
Evening Run,Run,2861.9,1095,2.614,4.8,43.6,2019-07-09,159.8,20:37:47
Evening Run - 4 x 1 miles,Run,823.1,191,4.31,5.4,7.6,2019-07-09,166.0,20:31:16
Evening Run - 4 x 1 miles,Run,851.0,196,4.342,5.6,7.9,2019-07-09,171.2,20:23:27
Evening Run - 4 x 1 miles,Run,3242.7,866,3.745,4.8,45.7,2019-07-09,170.6,20:04:35
Evening Run - 4 x 1 miles,Run,1629.0,431,3.779,4.6,23.6,2019-07-09,,19:55:09
Evening Run,Run,711.8,304,2.342,3.7,8.2,2019-07-09,121.6,19:44:13
Brisk Jog ,Run,6879.5,2577,2.67,7.8,229.6,2019-07-08,140.0,20:15:53
Post Hangover Run,Run,2862.7,940,3.045,5.6,45.0,2019-07-07,177.0,13:31:38
Post Hangover Run,Run,7017.6,1943,3.612,5.4,105.3,2019-07-07,177.1,12:53:08
Lunch Run,Run,732.6,238,3.078,4.8,7.6,2019-07-07,144.1,12:42:48
Night Run - Not bad,Run,8016.5,2288,3.504,5.9,235.0,2019-07-06,167.9,00:20:57
Evening Run,Run,890.1,394,2.259,2.9,21.2,2019-07-04,152.1,19:41:04
Evening Run,Run,4331.9,1139,3.803,6.7,86.5,2019-07-04,170.6,19:21:00
Evening Run,Run,2208.8,788,2.803,3.7,47.9,2019-07-04,140.0,19:04:13
Night Run,Run,11027.0,3231,3.413,6.5,347.1,2019-07-03,171.6,21:30:15
Night Run,Run,10223.8,3018,3.388,7.4,345.7,2019-07-01,167.5,21:42:50
Morning Run,Run,687.6,284,2.421,4.1,8.8,2019-07-01,139.8,08:14:04
Morning Run,Run,2026.9,550,3.685,5.0,20.0,2019-07-01,152.9,08:00:01
Morning Run,Run,667.6,275,2.428,6.6,7.7,2019-07-01,122.3,07:49:28
Evening Run,Run,8215.6,3192,2.574,7.5,242.0,2019-06-29,150.4,20:16:14
Evening Run,Run,518.4,237,2.187,3.5,6.7,2019-06-27,158.1,20:33:04
Evening Run,Run,11029.4,2987,3.692,5.0,167.7,2019-06-27,175.0,19:37:16
Evening Run,Run,711.7,276,2.579,5.6,7.9,2019-06-27,116.8,19:26:59
Nice steady run,Run,8096.5,2291,3.534,8.6,126.8,2019-06-26,175.0,20:37:09
Evening Run,Run,717.6,303,2.368,5.5,7.9,2019-06-26,133.3,20:27:21
Evening Run,Run,3859.8,1297,2.976,4.8,101.5,2019-06-25,168.1,19:27:45
Evening Run,Run,2137.1,957,2.233,3.6,82.2,2019-06-25,,19:08:06
Evening Run,Run,2039.1,779,2.618,5.2,26.4,2019-06-24,166.1,20:53:24
Evening Run,Run,11015.2,3210,3.432,4.7,164.6,2019-06-24,173.9,19:55:34
Evening Run,Run,1034.0,242,4.273,5.1,8.9,2019-06-24,,19:48:23
Evening Run,Run,732.4,286,2.561,4.3,7.8,2019-06-24,160.0,19:37:05
Night Run,Run,3019.3,1187,2.544,9.5,34.1,2019-06-23,141.4,00:14:19
Night Run,Run,3101.5,1023,3.032,5.4,125.9,2019-06-22,159.5,23:56:30
Morning Run,Run,701.5,268,2.617,3.7,10.6,2019-06-22,165.2,09:50:19
Morning Run,Run,8029.9,2171,3.699,5.3,123.7,2019-06-22,174.2,09:10:17
Morning Run,Run,748.1,277,2.701,5.3,7.9,2019-06-22,144.3,08:57:37
Evening Run,Run,2338.1,1021,2.29,3.5,53.4,2019-06-20,152.3,19:37:29
Evening Run,Run,5035.9,1340,3.758,5.7,96.6,2019-06-20,171.8,19:12:53
Evening Run,Run,2005.0,688,2.914,5.7,27.0,2019-06-19,166.4,20:52:01
Evening Run - 6 x 1 miles + 0.2,Run,10020.3,2831,3.539,5.1,153.2,2019-06-19,170.3,19:59:19
Evening Run,Run,748.1,288,2.598,6.8,7.8,2019-06-19,145.7,19:50:04
Evening Run,Run,2848.8,926,3.076,6.2,79.2,2019-06-18,141.3,19:23:35
Evening Run,Run,2209.4,1022,2.162,4.1,86.0,2019-06-18,132.1,19:05:17
Night Run - 4 x 1 miles,Run,6468.2,1746,3.705,6.6,202.9,2019-06-17,165.5,22:36:52
Evening swim,Swim,685.8,1127,0.609,0.0,0.0,2019-06-16,,21:03:16
Evening Run,Run,724.9,328,2.21,4.9,13.2,2019-06-15,151.8,20:09:43
Evening Run,Run,1206.2,256,4.712,6.2,7.0,2019-06-15,,19:58:18
Evening Run,Run,719.2,299,2.405,4.9,8.0,2019-06-15,170.1,19:49:22
Easy Trail,Run,7665.2,2651,2.891,5.1,114.1,2019-06-15,169.0,17:14:52
Evening Run,Run,5425.5,1559,3.48,6.2,107.9,2019-06-13,172.0,19:14:03
Evening Run,Run,1767.2,638,2.77,4.1,33.7,2019-06-13,139.6,19:01:33
Night Run - Easy / Steady session ,Run,10016.7,2926,3.423,5.7,349.8,2019-06-12,171.0,23:43:17
Evening Run - Nah I was swimming ðŸ˜‚ðŸ˜‚ðŸ˜‚,Run,5548.6,2315,2.397,6.5,180.0,2019-06-11,154.5,19:01:36
Morning Run,Run,440.2,90,4.891,5.9,4.4,2019-06-11,,07:57:45
Warm up,Run,1015.0,245,4.143,5.5,9.1,2019-06-11,,07:52:18
Evening Run,Run,11343.1,3651,3.107,5.6,149.0,2019-06-10,169.2,19:58:58
Evening Run,Run,689.7,218,3.164,4.3,7.9,2019-06-10,143.1,19:49:52
Evening swim,Swim,1200.0,853,1.407,1.9,0.0,2019-06-09,95.9,20:00:24
Morning Run,Run,735.4,253,2.907,5.7,13.7,2019-06-09,157.7,08:44:01
Morning Run - 400 x 5 at steady; 1000 easy,Run,3034.9,827,3.67,6.1,27.2,2019-06-09,166.9,08:28:27
Morning Run,Run,722.2,290,2.49,4.7,7.9,2019-06-09,159.5,08:14:29
Easy day,Run,10240.7,3596,2.848,5.2,152.7,2019-06-08,171.0,13:48:55
Evening Run,Run,5181.9,1525,3.398,4.6,101.9,2019-06-06,167.2,19:12:05
Quality session - 600 m x 4 at moderate effort; 200 m Recovery Jog,Run,3055.8,791,3.863,7.9,20.5,2019-06-05,177.4,14:28:10
Warm up,Run,928.2,313,2.966,4.0,8.1,2019-06-05,156.1,14:15:57
Evening Run,Run,2884.6,1238,2.33,3.8,79.1,2019-06-04,147.5,19:33:15
Evening Run,Run,3143.2,1207,2.604,4.6,81.2,2019-06-04,143.0,19:10:40
Afternoon Swim,Swim,850.0,802,1.06,10.5,0.0,2019-06-02,116.4,15:15:33
Night Run,Run,10088.3,2840,3.552,5.7,124.7,2019-06-01,183.5,22:02:53
Evening Run,Run,902.1,231,3.905,6.9,15.5,2019-05-30,168.4,19:39:27
Evening Run,Run,3358.1,1280,2.623,3.5,64.9,2019-05-30,141.8,19:03:07
Night Run,Run,6028.0,1761,3.423,6.9,189.0,2019-05-29,162.4,21:38:08
Evening Run,Run,4194.7,1190,3.525,6.6,83.3,2019-05-28,140.0,19:24:15
Evening Run,Run,1940.8,911,2.13,3.1,61.1,2019-05-28,132.6,19:05:46
Morning Run,Run,3148.7,826,3.812,5.5,30.0,2019-05-28,,04:53:16
Morning Run,Run,2091.2,540,3.873,5.2,9.5,2019-05-24,109.9,06:17:28
Lol Limp Ass Run,Run,7020.8,2112,3.324,6.2,226.1,2019-05-20,172.9,20:34:21
Night Run,Run,6764.7,1979,3.418,5.4,229.2,2019-05-19,172.9,21:04:16
My lovely Singapore Iâ€™m back! ,Run,6298.4,1931,3.262,5.6,225.4,2019-05-18,176.3,22:24:45
City to Country side run,Run,14386.2,4664,3.085,6.6,63.3,2019-05-13,164.3,13:30:16
Viking Spirit ,Run,6095.8,1800,3.387,5.3,23.9,2019-05-09,164.0,15:44:10
Strutting around Copenhagen ,Run,8014.3,2625,3.053,5.7,48.3,2019-05-08,155.9,15:16:19
Challenging Hills - Copenhagen ,Run,7791.6,2620,2.974,5.4,46.3,2019-05-07,159.0,14:13:46
"Hasta pronto Singapore, off to Denmark. ",Run,6065.6,1777,3.413,7.6,198.9,2019-05-04,174.5,01:16:34
Swim - Afternoon Workout,Swim,644.4,770,0.837,3.0,0.0,2019-05-03,123.9,16:09:35
Evening Run,Run,5345.5,1451,3.684,6.1,105.1,2019-05-02,176.2,19:12:22
Evening Run,Run,1229.0,475,2.587,3.9,24.7,2019-05-02,138.1,19:02:58
Night Run,Run,7112.0,2079,3.421,6.1,233.6,2019-05-01,174.1,21:31:57
Evening Run,Run,3691.9,1299,2.842,4.6,78.7,2019-04-30,156.1,19:27:15
Morning Run,Run,10058.7,3187,3.156,6.0,336.9,2019-04-29,166.6,04:44:58
Afternoon Run,Run,3823.2,1189,3.215,7.2,122.6,2019-04-28,169.5,14:42:08
Night Run,Run,10056.8,3058,3.289,7.3,347.2,2019-04-26,172.6,21:56:02
Morning Run,Run,6030.7,1968,3.064,7.0,70.6,2019-04-25,154.3,05:39:19
Night Run,Run,10170.6,2953,3.444,6.8,335.3,2019-04-22,173.9,22:09:47
Morning Run,Run,7075.7,2223,3.183,7.5,70.8,2019-04-21,168.1,06:02:33
Night Run,Run,6877.3,2021,3.403,7.7,238.3,2019-04-19,171.3,22:33:46
Evening Run,Run,5221.6,1558,3.351,5.7,92.7,2019-04-18,151.2,19:16:27
Evening Run,Run,6499.6,2519,2.58,4.6,173.2,2019-04-16,155.5,19:07:15
Night Run,Run,10017.8,2762,3.627,6.4,339.5,2019-04-15,175.3,23:06:34
Evening Run,Run,13569.1,4426,3.066,6.5,461.1,2019-04-13,174.5,19:18:34
Afternoon Run,Run,1092.5,659,1.658,5.8,3.8,2019-04-13,139.4,17:13:04
Evening Run,Run,10196.4,3196,3.19,7.9,341.6,2019-04-11,167.3,20:58:18
Morning Run,Run,6485.3,2014,3.22,5.8,69.9,2019-04-10,169.4,06:24:01
Night Run,Run,12051.5,3817,3.157,5.8,351.4,2019-04-08,171.3,21:58:40
Evening Run,Run,6102.8,1991,3.065,5.1,78.7,2019-04-07,170.4,20:54:21
Evening Run,Run,6830.9,2318,2.947,6.0,108.9,2019-04-04,162.8,19:31:35
Morning Run,Run,7158.9,2913,2.458,5.7,54.3,2019-04-03,156.4,06:09:15
Morning Run,Run,10128.6,3277,3.091,5.5,340.5,2019-04-02,165.8,04:53:32
Night Run,Run,14021.2,4872,2.878,10.3,480.8,2019-03-31,169.9,21:57:27
Night Run,Run,10153.8,3210,3.163,6.8,352.7,2019-03-27,175.2,22:45:20
Night Run,Run,12067.5,3946,3.058,9.0,408.3,2019-03-25,162.8,22:18:53
Evening Run,Run,2524.2,1008,2.504,4.8,70.2,2019-03-19,158.5,19:25:04
Evening Run,Run,1611.5,669,2.409,3.4,57.2,2019-03-19,139.3,19:10:45
